email,password,first_name,last_name
user200@ticktok.top,<ys*mLvM/S:3,Wtyslsj,Dibtzvz
user201@ticktok.top,"LIh8,A3ymy;C",Yuzzylkyn,Eqgcvlbh
user202@ticktok.top,"5u""r>b]<+s3S",Bvbyzqdhb,Wcacoaexsa
user203@ticktok.top,"pJ`D""uou$r^o",Plmqg,Uyyywdz
user204@ticktok.top,"S(F}=L@^8""e.",Jhejw,Bclgeiyofn
user205@ticktok.top,fU6mWnd!!1tT,Iifnjhydt,Snkzmo
user206@ticktok.top,y<9S2lg^soXg,Cxnmo,Axzjthwc
user207@ticktok.top,_>c8'^9^2nDV,Fzivxh,Cedckjfioll
user208@ticktok.top,pJ@BQP;Yjf-1,Nhnjwnbj,Qvaekre
user209@ticktok.top,4Y%y!1?#oPsO,Rurztf,Dnpjwetjupf
user210@ticktok.top,(>zzcuttYf.Z,Wuawtcguf,Bubcamqteba
user211@ticktok.top,JQ74nYWs}#~*,Jwvewqveb,Byjnruh
user212@ticktok.top,M;+zZ_L=@=7<,Gdeyv,Ffbagfkcyj
user213@ticktok.top,Q<QF8>}w['mJ,Dvngzapw,Xlngot
user214@ticktok.top,[@-A19P.}(~v,Xwjtrj,Qcmychgb
user215@ticktok.top,nt?VlUd'jip),Wrpzhqvu,Pwkrlmpg
user216@ticktok.top,H7/7x!8%k.JQ,Hqhonuxzm,Xvqukio
user217@ticktok.top,"jH[j.Vo""ucAi",Qsogfmn,Xjwthabb
user218@ticktok.top,F.7n+Ri^]LB3,Nwidflcdg,Muqwasgkpk
user219@ticktok.top,]8;7SpB5h|Q=,Taytycyqu,Jmgviaffy
user220@ticktok.top,"{ff[.Xx7F5r""",Urykjroub,Majwipw
user221@ticktok.top,"A[X8[~)?76,C",Fijhsln,Mdvpjktf
user222@ticktok.top,wKeh{vGyfVL3,Mojlztgz,Utbgpe
user223@ticktok.top,.<fIF2_l=7cg,Apmedmucl,Viymzzawho
user224@ticktok.top,"yO)<k`,Uf\O%",Zqtjxu,Yhsudnecmbl
user225@ticktok.top,^\iLU(P|PJ?l,Qlmfl,Ixlsoktoug
user226@ticktok.top,]2ZCD'XwY`+O,Lsofdq,Fcfzls
user227@ticktok.top,r\6;QAH`*m^{,Bxeuigk,Qacvurxulc
user228@ticktok.top,BZ`=6u{IJ@lf,Hhydlrocz,Pldjyfz
user229@ticktok.top,"C4K:%Zkf-""-W",Mjqyk,Fpdpsq
user230@ticktok.top,-_(8qHoDB_ER,Cbxwip,Hxkehewky
user231@ticktok.top,;WK?-{OSd5RB,Ajabdgaiw,Qnraikhdmkd
user232@ticktok.top,&<@1(EAVO];},Cenyn,Qorxkjcr
user233@ticktok.top,1C1@0MF[D*x4,Aiqlli,Clgqvbwqaq
user234@ticktok.top,"?""RWa`9#&MD{",Bypfgw,Rlrrsdd
user235@ticktok.top,&uyq+gvv{fpI,Tbexexkr,Jtbhkin
user236@ticktok.top,%W*Op[qu?AX$,Lmdxoheqw,Udjcfignv
user237@ticktok.top,#s|Qi@0V%9)-,Mgplihu,Ntvrwtoj
user238@ticktok.top,"fIYZH4t&~1,i",Fighoirit,Utwopm
user239@ticktok.top,gCH^*$IIkM>6,Ojkuomel,Omhejfothv
user240@ticktok.top,b9z)x5%i^+]c,Hmnhw,Itpzbeqzeim
user241@ticktok.top,@V-[La@FBq8A,Wyvdwjzf,Glibkiji
user242@ticktok.top,6<g:Y~Y8lEQg,Zkrzq,Vukseislnc
user243@ticktok.top,4r9j*)g.:b#n,Twphwb,Shajroy
user244@ticktok.top,G63UeNtNLM&o,Avwwon,Bmjeehyi
user245@ticktok.top,oTO3Ms;]i!/^,Bleoiqhle,Qwhivjqra
user246@ticktok.top,Y&Bj({1v$WH$,Vvhsymf,Exbmjbul
user247@ticktok.top,"-hQ*rFqxip,n",Ticrdl,Fozrwou
user248@ticktok.top,"B,Cvv8q%!k)m",Sgwkpntk,Vvicpe
user249@ticktok.top,HK]IzBXisc)k,Zkdcj,Fcgfkue
user250@ticktok.top,Up'j/6p<.O<~,Yckjdd,Rpfvkqzw
user251@ticktok.top,"LX/UMv(""Zs>z",Resln,Qyftwe
user252@ticktok.top,;8loYu~7l.L*,Icexktle,Hdycrud
user253@ticktok.top,n/|(}*)(NsU*,Tpjzivwq,Blquzetwqp
user254@ticktok.top,"6G.g#(/VIo:""",Kilppiba,Xkgydhbajam
user255@ticktok.top,"8b,F;@4gH|>9",Onyvnicen,Qqhzcelupur
user256@ticktok.top,",e*rqyX2'|Su",Pxqbuvovx,Bwynll
user257@ticktok.top,]\&C6Ky4jJP=,Mehzndmsu,Sfcbvgj
user258@ticktok.top,>)=A*[R~n95q,Qpfpxbv,Hyfeluiq
user259@ticktok.top,_7t?ZdfznH3h,Skgovwmbu,Rgkhgztu
user260@ticktok.top,"d9ps.*v=,$Jz",Evyrixqaf,Cctmuwtm
user261@ticktok.top,"[q5xPXh^hdJ,",Givlsoyd,Jphhunhzf
user262@ticktok.top,~olDQZZiP0e<,Opeyyysws,Ssspgynzuze
user263@ticktok.top,R%f%;xUP5NZX,Frrieyba,Hspzxrqbj
user264@ticktok.top,:X!u(H}po-i=,Yriagbf,Kfzrbixyogr
user265@ticktok.top,"t""QahQAV0a&0",Uicmdqyw,Qekheuuz
user266@ticktok.top,SSIh:<|C5f)`,Ynrejmaw,Zmopbhdt
user267@ticktok.top,S33o|K?2Aer-,Qjjwjzgk,Ghhmsx
user268@ticktok.top,R;hGFQp$kNO^,Fdjxktmtq,Ropnpv
user269@ticktok.top,I&D;btn?ug'n,Kxfmteik,Ohjzsaatiia
user270@ticktok.top,aR<'s{IGvvGo,Qxyksjq,Dcofqksx
user271@ticktok.top,"yU""NBMKw<$?V",Gaotcjhl,Vxsuia
user272@ticktok.top,OgL:#uBT0l4m,Vtvfnb,Vhcsvraw
user273@ticktok.top,XYV5T9t#dJ\:,Osfobm,Dntwpqgo
user274@ticktok.top,ZT00kj{1P=-L,Iuobtmlp,Goqocku
user275@ticktok.top,"`8OS""yWwlT<e",Jngdk,Amlirt
user276@ticktok.top,g;vs0D`_&OEQ,Shkkqsjj,Gmipvybnb
user277@ticktok.top,"Cc]YlbJ;,Fe0",Cedpgejeb,Mfakumjacb
user278@ticktok.top,"h2=7,&.$!z#w",Vcridlhms,Causmfuhjad
user279@ticktok.top,Qts~ez>jP2w5,Vulsmkrsh,Rzrkntpdjf
user280@ticktok.top,9I?m.%@lW~9/,Rrsckq,Svqldjb
user281@ticktok.top,iNQ[/#_:mk}M,Rkrns,Vbadst
user282@ticktok.top,5j@YH#lx:]nw,Mknawfrrj,Frzclzodkdf
user283@ticktok.top,[;z7|R;Wk&*l,Athzu,Jsmvte
user284@ticktok.top,&a{:Z~?R^Fch,Neafvso,Qaocgfrll
user285@ticktok.top,$8JI=c)ot|KD,Pzfcoke,Nunpen
user286@ticktok.top,"""E#n*d*JU*i>",Hahvdumz,Brttzmgio
user287@ticktok.top,bTg~&y3]iJu~,Givrfll,Gbmyzojaa
user288@ticktok.top,"\@\[#w=/n{""h",Uirsdxyc,Pnvjllxulj
user289@ticktok.top,5.t~\v~dt|m],Qunxawo,Fnyktfqei
user290@ticktok.top,0[`SrfUHanK},Nuaulwmo,Djckxbgvukk
user291@ticktok.top,"24Sy01Crd""?f",Drbkr,Uuvnhqpmv
user292@ticktok.top,\9Tyaf$1.OD!,Bpjpf,Bzsmapspzsh
user293@ticktok.top,M-E)WYLi?z--,Xxigtbf,Rafxeiufm
user294@ticktok.top,""">jk@Yb6b<Pi",Hrkfmefkz,Ytbqbixg
user295@ticktok.top,"&3guW""GWB``#",Itmksa,Xorfwodzo
user296@ticktok.top,50`s5J[RG;}%,Eymyfdspu,Sslipht
user297@ticktok.top,{bb/)HZFO1aD,Nuerjhgds,Qgqztfw
user298@ticktok.top,"""1BeVxs.d}@B",Bcqfxyt,Vsibti
user299@ticktok.top,1G\*sJ-VUA[c,Bxqaokzn,Dhxwxxevbs
